Co-op Participation,Approved → Realized
0,88.1845545235638
1,95.84398899272317
