Funding,Approved → Realized
0,89.66655531528949
1,96.63788481899937
