Motivation,Approved → Realized
Career,96.41798941798942
Cultural,87.74104683195593
Motivation,91.13924050632912
Personal Growth,92.49386960171273
