Campus,Signed up → Applied,Applied → Accepted,Accepted → Approved,Approved → Realized,Realized → Finished,Finished → Completed
SFU,371.4896650035638,11.97237145049885,57.85256410256411,92.24376731301939,0.3003003003003003,0.0
UBC,466.5282392026578,12.097204913654975,38.704930095658575,85.74144486692015,0.0,
